id,operator,variant,shape,compile_ms,first_call_ms,mean_ms,min_ms,median_ms,max_ms,speedup_vs_torch,speedup_vs_original_tilelang,passed
95,CrossEntropyLoss,torch,256x1024,,146.06460183858871,0.146370992064476,0.08910000324249268,0.14655999839305878,0.17161999642848969,1.0,,True
95,CrossEntropyLoss,original_tilelang,256x1024,12556.92107975483,77.47628353536129,75.82666778564453,74.18810272216797,76.12164306640625,78.41751861572266,0.0019303365997600504,1.0,True
195,CrossEntropyLoss rowwise two-stage TileLang,rowwise_tilelang,256x1024,24987.162977457047,4.009675234556198,3.439617872238159,3.3950400352478027,3.424139976501465,3.7409000396728516,0.04255443409742269,22.0450848327242,True
98,KLDivLoss,torch,256x1024,,16.221078112721443,0.16546300053596497,0.14022000133991241,0.1613599956035614,0.1961199939250946,1.0,,True
98,KLDivLoss,original_tilelang,256x1024,12158.079812303185,55.719250813126564,54.19403839111328,53.00667953491211,54.479400634765625,55.44852066040039,0.003053158713543989,1.0,True
198,KLDivLoss rowwise two-stage TileLang,rowwise_tilelang,256x1024,13172.918740659952,1.1439472436904907,0.79761803150177,0.7767599821090698,0.7958999872207642,0.8140000104904175,0.2074464141995739,67.94485110758559,True
99,TripletMarginLoss,torch,256x1024,,56.26243352890015,0.23157700896263123,0.20520000159740448,0.23124000430107117,0.25619998574256897,1.0,,True
99,TripletMarginLoss,original_tilelang,256x1024,12516.88010059297,67.50139221549034,65.49122619628906,63.89664077758789,65.70802307128906,67.152099609375,0.0035360005059082724,1.0,True
199,TripletMarginLoss rowwise two-stage TileLang,rowwise_tilelang,256x1024,12781.67087584734,1.166587695479393,0.7942389845848083,0.7737399935722351,0.7920399904251099,0.8237000107765198,0.2915709420681346,82.45783380996447,True
